ID,species,species2,country,region,town,Sample ID,year,15N,Collected,Diet
258424,A.melanoleuca,A.melanoleuca,China,Szechuan,Mupin,258424,1933,1.32,NMNH,bear
258834,A.melanoleuca,A.melanoleuca,China,Szechuan,Wen Chuan,258834,1933,0.5,NMNH,bear
258835,A.melanoleuca,A.melanoleuca,China,Szechuan,Wen Chuan,258835,1933,1,NMNH,bear
258836,A.melanoleuca,A.melanoleuca,China,Szechuan,Mupin,258836,1933,2.39,NMNH,bear
259074,A.melanoleuca,A.melanoleuca,China,Szechuan,Wen Chuan,259074,1934,0.69,NMNH,bear
258556,E.cephalopus,E.cephalopus,China,Szechuan,Wen Chuan,258556 a,1933,1.33,NMNH,herbivore
258557,E.cephalopus,E.cephalopus,China,Szechuan,Wen Chuan,258557,1933,2.47,NMNH,herbivore
258679,E.cephalopus,E.cephalopus,China,Szechuan,Mupin,258679,1933,1.52,NMNH,herbivore
258680,E.cephalopus,E.cephalopus,China,Szechuan,Mupin,258680,1933,3.17,NMNH,herbivore
258681,E.cephalopus,E.cephalopus,China,Szechuan,Mupin,258681,1933,2.09,NMNH,herbivore
258688,E.cephalopus,E.cephalopus,China,Szechuan,Wen Chuan,258688,1933,5.05,NMNH,herbivore
258689,E.cephalopus,E.cephalopus,China,Szechuan,Wen Chuan,258689,1933,4.88,NMNH,herbivore
151859,R.Unicolor,R.Unicolor,Indonesia,Borneo,Saratok River,151859,1908,6.46,NMNH,herbivore
151860,R.Unicolor,R.Unicolor,Indonesia,Borneo,"Pamukang Bay, Menyngal River",151860,1908,5.83,NMNH,herbivore
151861,R.Unicolor,R.Unicolor,Indonesia,Borneo,"Pamukang Bay, Susulang River",151861,1908,3.46,NMNH,herbivore
197694,R.Unicolor,R.Unicolor,Indonesia,Borneo,Domaring River,196894,1913,6.98,NMNH,herbivore
197695,R.Unicolor,R.Unicolor,Indonesia,Borneo,"Sangata River, S Bank",197695,1913,3.91,NMNH,herbivore
197696,R.Unicolor,R.Unicolor,Indonesia,Borneo,Kalindakkan,197696,1913,4.87,NMNH,herbivore
197697,R.Unicolor,R.Unicolor,Indonesia,Borneo,Kalindakkan,197697,1913,5.25,NMNH,herbivore
63474,C.elaphus,C.elaphus,India,Jammu and Kashmir,Nagmarg,63474,1895,3.13,NMNH,herbivore
198673,C.elaphus,C.elaphus,India,Jammu and Kashmir,Probably E End of Valley,198673,1913,2.41,NMNH,herbivore
293120,R.tarandus,R.tarandus,United States,Alaska,"Point Barrow, 25 Mi S",293120,1951,6.02,NMNH,herbivore
293121,R.tarandus,R.tarandus,United States,Alaska,"Point Barrow, 25 Mi S",293121,1951,5.39,NMNH,herbivore
293122,R.tarandus,R.tarandus,United States,Alaska,"Point Barrow, 200 Mi SW; Driftwood, Utukok River",293122,1951,3.1,NMNH,herbivore
294030,R.tarandus,R.tarandus,United States,Alaska,"Point Barrow, Near",294030,1950,2.18,NMNH,herbivore
294031,R.tarandus,R.tarandus,United States,Alaska,"Point Barrow, Near",294031,1950,1.65,NMNH,herbivore
294032,R.tarandus,R.tarandus,United States,Alaska,"Point Barrow, Near",294032,1950,0.48,NMNH,herbivore
158524,O. virginianus,O. virginianus,United States,New Mexico,Mogollon Mountains,158524,1906,5,NMNH,herbivore
157134,O. virginianus,O. virginianus,United States,New Mexico,Animas Mountains,157134,1908,3.36,NMNH,herbivore
157636,O. virginianus,O. virginianus,United States,New Mexico,"Gila National Forest, Nigreta River",157636,1908,4.18,NMNH,herbivore
128752,O. virginianus,O. virginianus,United States,New Mexico,Pecos Baldy,128752,1903,4.09,NMNH,herbivore
131569,O. virginianus,O. virginianus,United States,New Mexico,Manzano Mountains,131569,1903,4.47,NMNH,herbivore
135060,O. virginianus,O. virginianus,United States,New Mexico,Gallinas Mountains,135060,1904,6.18,NMNH,herbivore
21351,Mazama,Mazama,Peru,Peru and Venezuela,ayacucho,21351,1965,2.42,MUSM ,herbivore
2165,Mazama,Mazama,Peru,Peru and Venezuela,cuzco,2165,1990,2.66,MUSM ,herbivore
13029,Mazama,Mazama,Peru,Peru and Venezuela,puno,13029,1986,3.51,MUSM ,herbivore
2168,Mazama,Mazama,Peru,Peru and Venezuela,puerto inca,2168,1990,6.83,MUSM ,herbivore
254917,M.moschata,M.moschata,China,Szechuan,Suifu,254917,1929,10.37,NMNH,omnivore
254918,M.moschata,M.moschata,China,Szechuan,Suifu,254918,1929,10.28,NMNH,omnivore
255528,M.moschata,M.moschata,China,Szechuan,Suifu,255528,1930,6.41,NMNH,omnivore
240996,M.moschata,M.moschata,China,Szechuan,Suifu,240996,1925,8.06,NMNH,omnivore
258352,M.moschata,M.moschata,China,Szechuan,Sichuan,258352 a,1932,6.5,NMNH,omnivore
254588,M.moschata,M.moschata,China,Szechuan,Suifu,254588,1929,7.97,NMNH,omnivore
151876,P.hermaphroditus,P.hermaphroditus,Indonesia,Borneo,Klumpang Bay,151876,1908,9.13,NMNH,omnivore
196618,P.hermaphroditus,P.hermaphroditus,Indonesia,Borneo,Segah River,196618,1912,8.48,NMNH,omnivore
196619,P.hermaphroditus,P.hermaphroditus,Indonesia,Borneo,"Segah River, Long Min Jaw",196619,1912,7.6,NMNH,omnivore
197241,P.hermaphroditus,P.hermaphroditus,Indonesia,Borneo,"Sengata River, S Bank",197241,1913,7.37,NMNH,omnivore
197248,P.hermaphroditus,P.hermaphroditus,Indonesia,Borneo,Tandjong Seglu,197248,1913,9.8,NMNH,omnivore
198059,P.hermaphroditus,P.hermaphroditus,Indonesia,Borneo,Sungai Karangan,198059,1913,9.82,NMNH,omnivore
173301,M.foina,M.foina,India,Jammu and Kashmir,"Nij Nai Nulla, Sind Valley",173301,1910,6.36,NMNH,omnivore
173302,M.foina,M.foina,India,Jammu and Kashmir,"Tronkol, Wangat Valley",173302,1910,5.8,NMNH,omnivore
173303,M.foina,M.foina,India,Jammu and Kashmir,"Tronkol, Wangat Valley",173303,1910,6.2,NMNH,omnivore
173304,M.foina,M.foina,India,Jammu and Kashmir,"Tronkol, Wangat Valley",173304,1910,5.48,NMNH,omnivore
201065,M.foina,M.foina,India,Jammu and Kashmir,Dannour ,201065,1915,5.79,NMNH,omnivore
201066,M.foina,M.foina,India,Jammu and Kashmir,"Dandwar, Pir Panjal Range",201066,1915,6.42,NMNH,omnivore
201067,M.foina,M.foina,India,Jammu and Kashmir,"Dandwar, Pir Panjal Range",201067,1915,5.35,NMNH,omnivore
276128,V.vulpes,V.vulpes,United States,Alaska,Naknek Lake,276128,1945,5.7,NMNH,omnivore
294410,V.vulpes,V.vulpes,United States,Alaska,Chandler Lake,294410,1952,6.79,NMNH,omnivore
294411,V.vulpes,V.vulpes,United States,Alaska,Chandler Lake,294411,1952,7.82,NMNH,omnivore
294412,V.vulpes,V.vulpes,United States,Alaska,Chandler Lake,294412,1952,7,NMNH,omnivore
276127,V.vulpes,V.vulpes,United States,Alaska,"Naknek Lake, Alaska peninsula",276127,1945,7.36,NMNH,omnivore
118625,P.lotor,P.lotor,United States,New Mexico,Santa Rosa,11825,1902,9.93,NMNH,omnivore
127592,P.lotor,P.lotor,United States,New Mexico,Santa Rosa,127592,1903,11.5,NMNH,omnivore
132483,P.lotor,P.lotor,United States,New Mexico,Rinconada,132483,1904,10.45,NMNH,omnivore
158241,P.lotor,P.lotor,United States,New Mexico,"Deming, 8 Mi E",158241,1908,13.58,NMNH,omnivore
160601,P.lotor,P.lotor,United States,New Mexico,"Magdalena Mountains, Water Canyon",160601,1909,10.27,NMNH,omnivore
158243,P.lotor,P.lotor,United States,New Mexico,Red Rock,158243,1908,12.9,NMNH,omnivore
2336,E.Barbara,E.Barbara,Peru,Peru and Venezuela,pasco,2336,1997,6.88,MUSM ,omnivore
12674,E.Barbara,E.Barbara,Peru,Peru and Venezuela,oxapampa,12674,1990,9.16,MUSM ,omnivore
5846,E.Barbara,E.Barbara,Peru,Peru and Venezuela,pasco,5846,1991,6.86,MUSM ,omnivore
7206,E.Barbara,E.Barbara,Peru,Peru and Venezuela,san martin,7206,1990,7.24,MUSM ,omnivore
2155,E.Barbara,E.Barbara,Peru,Peru and Venezuela,cajamarca,2155 a,1990,6.72,MUSM ,omnivore
9442,E.Barbara,E.Barbara,Peru,Peru and Venezuela,,9442,1994,8.81,MUSM ,omnivore
276055,P.vitulina,P.vitulina,United States,Alaska,Bering Sea,276055,1947,17.67,NMNH,piscivore
276056,P.vitulina,P.vitulina,United States,Alaska,bering Sea,276056,1947,18.61,NMNH,piscivore
276057,P.vitulina,P.vitulina,United States,Alaska,Bering Sea,276057,1947,17.96,NMNH,piscivore
276365,P.vitulina,P.vitulina,United States,Alaska,bering Sea,276365,1947,18.19,NMNH,piscivore
258349,U.thibetanus,U.thibetanus,China,Szechuan,"West China Mountains, Chengtu",258349,1933,5.63,NMNH,bear
258352,U.thibetanus,U.thibetanus,China,Szechuan,Kuan Shien,258430,1933,2.96,NMNH,bear
239645,U.thibetanus,U.thibetanus,China,Szechuan,Wen Chuan,239645,1933,2.85,NMNH,bear
258646,U.thibetanus,U.thibetanus,China,Szechuan,Wei Chow,258646,1933,5.25,NMNH,bear
259011,U.thibetanus,U.thibetanus,China,Szechuan,Wen Chuan,259011,1934,6.19,NMNH,bear
20119,U.thibetanus,U.thibetanus,India,Jammu and Kashmir,Lalab,20119,1891,4.24,NMNH,bear
21844,U.thibetanus,U.thibetanus,India,Jammu and Kashmir,Lalab,21844,1891,2.96,NMNH,bear
21845,U.thibetanus,U.thibetanus,India,Jammu and Kashmir,Lalab,21845,1891,4.02,NMNH,bear
84092,U.thibetanus,U.thibetanus,India,Jammu and Kashmir,Per Panjal Range,84092,1897,0.95,NMNH,bear
84093,U.thibetanus,U.thibetanus,India,Jammu and Kashmir,Per Panjal Range,84093,1897,3.82,NMNH,bear
155575,T.ornatus,T.ornatus.V,Venezuela,Peru and Venezuela,"Montanas, Merida",155575,1908,3.29,NMNH,bear
168115,T.ornatus,T.ornatus.V,Venezuela,Peru and Venezuela,"La Gulata Mountains, La Culata Mountains, Merida",168115,1907,4.43,NMNH,bear
170656,T.ornatus,T.ornatus.V,Venezuela,Peru and Venezuela,"Rubio Mountains,Merida",170656,1910,4.91,NMNH,bear
171011,T.ornatus,T.ornatus.V,Venezuela,Peru and Venezuela,Merida,171011,1910,4.57,NMNH,bear
OXA002,T.ornatus,T.ornatus,Peru,Peru and Venezuela,oxapampa,OXA002,2017,4.96,Field,bear
AM001,T.ornatus,T.ornatus,Peru,Peru and Venezuela,amazonas,AM001,2002,3.39,Field,bear
OXA001,T.ornatus,T.ornatus,Peru,Peru and Venezuela,oxapampa,OXA001,2017,3.01,Field,bear
22965,T.ornatus,T.ornatus,Peru,Peru and Venezuela,huanuco,22965,2006,4.93,MUSM ,bear
2966,T.ornatus,T.ornatus,Peru,Peru and Venezuela,huanuco,2966,2006,6.79,MUSM ,bear
T001,T.ornatus,T.ornatus,Peru,Peru and Venezuela,,,1990,4.08,MUSM ,bear
197254,H.malayanus,H.malayanus,Indonesia,Borneo,Tandjong Seglu,197254,1913,7.44,NMNH,bear
198713,H.malayanus,H.malayanus,Indonesia,Borneo,Sungai Mahakam,198713,1914,4.76,NMNH,bear
198714,H.malayanus,H.malayanus,Indonesia,Borneo,Tandjong Seglu,198714,1913,6.17,NMNH,bear
198715,H.malayanus,H.malayanus,Indonesia,Borneo,Sungai Djambajan,198715,1914,6.62,NMNH,bear
286411,U.americanus,U.americanus,United States,Alaska,"Iniskin Bay, North Side Of Cook Inlet",286411,1950,5.29,NMNH,bear
286832,U.americanus,U.americanus,United States,Alaska,"Iniskin Bay, Cook Inlet",286832,1950,4.52,NMNH,bear
292927,U.americanus,U.americanus,United States,Alaska,"Inukposukruk Creek, Near Head Of John R. Brooks Range",292927,1951,3.78,NMNH,bear
224500,U.americanus,U.americanus,United States,New Mexico,Rociada,224500,1916,4.97,NMNH,bear
224501,U.americanus,U.americanus,United States,New Mexico,Mescalero,224501,1916,4.8,NMNH,bear
231353,U.americanus,U.americanus,United States,New Mexico,"Luna, Lincoln County",231353,1918,6.69,NMNH,bear
231356,U.americanus,U.americanus,United States,New Mexico,"Monticello, Sierra County",231356,1918,5.26,NMNH,bear
231358,U.americanus,U.americanus,United States,New Mexico,"Magdalena, Socorro County",231358,1918,6.43,NMNH,bear
231361,U.americanus,U.americanus,United States,New Mexico,Senorito,231361,1918,6.72,NMNH,bear
292035,U.arctos,U.arctos,United States,Alaska,"Brooks Range, Savioyuk Valley",292035,1950,5.72,NMNH,bear
293123,U.arctos,U.arctos,United States,Alaska,"Point Barrow, 115 Mi SE, Titalvk",293123,1951,6.81,NMNH,bear
293124,U.arctos,U.arctos,United States,Alaska,"Anaktiktoak Creek, Anaktuyuk Pass, Brooks Range",293124,1951,8.21,NMNH,bear
293125,U.arctos,U.arctos,United States,Alaska,"Anaktiktork Creek, Anaktuvuk Pass, Brooks Range",293125,1951,4.43,NMNH,bear
293782,U.arctos,U.arctos,United States,Alaska,"Chandalar Valley, Arctic Village",293782,1951,4.91,NMNH,bear
294029,U.arctos,U.arctos,United States,Alaska,"Chandalar River, 4 Mi, Arctic Village",294029,1951,4,NMNH,bear
294078,U.arctos,U.arctos,United States,Alaska,"John River, 10 Mi N Hunt Fork, Timberline",294078,1969,3.71,NMNH,bear
286413,U.arctos,U.arctos,United States,Alaska,"Cook's Inlet, Chinitna Bay",286413,1950,14.7,NMNH,bear
223393,U.arctos,U.arctos,United States,New Mexico,"Black Range, 25 Mi NW Of Chloride. Sierra County",223393,1916,7.96,NMNH,bear
223394,U.arctos,U.arctos,United States,New Mexico,"Black Range, 25 Mi NW Of Chloride. Sierra County",223394,1916,8.47,NMNH,bear
223395,U.arctos,U.arctos,United States,New Mexico,"Black Range, 25 Mi NW Of Chloride. Sierra County",223395,1916,8.36,NMNH,bear
223396,U.arctos,U.arctos,United States,New Mexico,black range,223396,1916,6.88,NMNH,bear
231286,U.arctos,U.arctos,United States,New Mexico,"Taos, 20 Mi SE On Rio Chiquito",231286,1918,9.47,NMNH,bear
231287,U.arctos,U.arctos,United States,New Mexico,"Taos, 20 Mi SE On Rio Chiquito",231287,1918,10.55,NMNH,bear
235098,U.arctos,U.arctos,United States,New Mexico,"Fairview, 35 Mi NE",235098,1920,8.75,NMNH,bear
224496,U.arctos,U.arctos,United States,New Mexico,"cuba, sandoval county",224496,1916,7.19,NMNH,bear
21691,U.arctos,U.arctos,India,Jammu and Kashmir,Nag Marg,21691,1893,2.9,NMNH,bear
512167,U.maritimus,U.maritimus,United States,Alaska,"Point Hope and Russian Coast, Ice Pack Between",512167,1971,20.86,NMNH,bear
512168,U.maritimus,U.maritimus,United States,Alaska,"Point Hope and Russian Coast, Ice Pack Between",512168,1971,21.27,NMNH,bear
512169,U.maritimus,U.maritimus,United States,Alaska,"Point Hope and Russian Coast, Ice Pack Between",512169,1971,21.07,NMNH,bear
512170,U.maritimus,U.maritimus,United States,Alaska,"Point Hope and Russian Coast, Ice Pack Between",512170,1971,22.3,NMNH,bear
512171,U.maritimus,U.maritimus,United States,Alaska,"Point Hope and Russian Coast, Ice Pack Between",512171,1971,20.56,NMNH,bear
512172,U.maritimus,U.maritimus,United States,Alaska,"Barter Island, 15 Mi N",512172,1975,20.83,NMNH,bear
258556,C.temminckii,C.temminckii,China,Szechuan,Mupin,254795,1929,4.98,NMNH,carnivore
258694,C.temminckii,C.temminckii,China,Szechuan,Wen Chuan,258694,1933,4.42,NMNH,carnivore
259016,C.temminckii,C.temminckii,China,Szechuan,Wen Chuan,259016,1934,5.13,NMNH,carnivore
259012,C.temminckii,C.temminckii,China,Szechuan,Wen Chuan,259012,1934,7.01,NMNH,carnivore
153846,P.bengalensis,P.bengalensis,Indonesia,Borneo,"Kendawangan River, Lanchut",153846,1908,8.4,NMNH,carnivore
196601,P.bengalensis,P.bengalensis,Indonesia,Borneo,Labuan Bimi,196601,1913,7.17,NMNH,carnivore
198055,P.bengalensis,P.bengalensis,Indonesia,Borneo,"Samarinda, N Bank",198055,1913,10.37,NMNH,carnivore
198056,P.bengalensis,P.bengalensis,Indonesia,Borneo,"Samarinda, N Bank",198056,1913,9.92,NMNH,carnivore
198057,P.bengalensis,P.bengalensis,Indonesia,Borneo,Sungai Karangan,198057,1913,9.8,NMNH,carnivore
62108,P.bengalensis,P.bengalensis,India,Jammu and Kashmir,valley of kasmir,62108,1905,5.3,NMNH,carnivore
173334,P.bengalensis,P.bengalensis,India,Jammu and Kashmir,Hyhama,173334,1911,5.89,NMNH,carnivore
173335,P.bengalensis,P.bengalensis,India,Jammu and Kashmir,"Hyhama, Valleey of Kashmir",173335,1911,5.82,NMNH,carnivore
201069,P.bengalensis,P.bengalensis,India,Jammu and Kashmir,"Dandwar, Pir Panjal Range",201069,1915,5.31,NMNH,carnivore
201070,P.bengalensis,P.bengalensis,India,Jammu and Kashmir,Dandwar,201070,1915,5.31,NMNH,carnivore
295123,C.lupus,C.lupus,United States,Alaska,Umiat,295123,1952,5.15,NMNH,carnivore
195124,C.lupus,C.lupus,United States,Alaska,Umiat,195124,1952,6.1,NMNH,carnivore
195125,C.lupus,C.lupus,United States,Alaska,Umiat,195125,1952,4.86,NMNH,carnivore
292928,C.lupus,C.lupus,United States,Alaska,"Ramanzof, Schrader Lake",292928,1952,6.89,NMNH,carnivore
294403,C.lupus,C.lupus,United States,Alaska,Arctic Village,294403,1951,6.86,NMNH,carnivore
271894,C.lupus,C.lupus,United States,Alaska,"Seward Peninsula, Etchepuk River; Golovin Reindeer Station",271894,1941,5.98,NMNH,carnivore
274063,C.lupus,C.lupus,United States,Alaska,Mount Mckinley National Park,274063,1943,12.17,NMNH,carnivore
276126,C.lupus,C.lupus,United States,Alaska,"Naknek Lake, Alaska Peninsula",276126,1945,8.04,NMNH,carnivore
324994,C.lupus,C.lupus,United States,Alaska,"Anchorage, Arctic Health Research Center",324994,1962,6.6,NMNH,carnivore
275163,C.lupus,C.lupus,United States,Alaska,"Teller, 12 Mi From",275163,1953,6.23,NMNH,carnivore
223494,L.rufus,L.rufus,United States,New Mexico,Luna,223494,1916,7.97,NMNH,carnivore
223495,L.rufus,L.rufus,United States,New Mexico,Luna,223495,1916,7.27,NMNH,carnivore
223496,L.rufus,L.rufus,United States,New Mexico,Luna,223496,1916,6.64,NMNH,carnivore
223514,L.rufus,L.rufus,United States,New Mexico,Abiquiu,223514,1916,8.48,NMNH,carnivore
223527,L.rufus,L.rufus,United States,New Mexico,El Vado,223527,1916,7.64,NMNH,carnivore
223528,L.rufus,L.rufus,United States,New Mexico,El Vado,223528,1916,9.79,NMNH,carnivore
223538,L.rufus,L.rufus,United States,New Mexico,El Vado,223538,1916,10.38,NMNH,carnivore
21692,U.arctos,U.arctos,India,Jammu and Kashmir,Krishnagunga range,21692,1893,0.53,NMNH,bear
199518,M. ursinus,M. ursinus,India,Jammu and Kashmir,Madhya Pradesh,199518,1914,6.89,NMNH,bear